Age,Sex,Job,Housing,Saving accounts,Checking account,Credit amount,Duration,Purpose,Risk
-0.8516076148303452,0,3,2,0,0,0.6765176128712994,0.9135856913979418,5,good
0.4996500381505804,1,2,1,1,1,-0.2507270477107444,0.9135856913979418,0,good
-1.211942988958592,0,2,1,0,1,-0.6788972511171544,-0.7829522684868152,5,good
-0.040853023041789824,1,2,1,0,1,0.42309208649613794,0.06531671145556327,4,good
-1.211942988958592,0,2,2,1,0,-0.343131301009991,-1.0657085951342746,4,good
0.04923082049027188,1,2,1,0,0,-0.768099376826823,-0.7829522684868152,1,bad
1.3104046299391356,1,2,1,0,0,-0.6825568255052433,0.34807303810302276,0,good
1.220320786407074,0,2,1,0,0,-1.199929154621322,-1.3484649217817342,4,good
-0.6714399277662217,1,1,1,0,0,-0.026578116440294737,0.06531671145556327,1,good
0.319482351086457,1,2,1,0,0,-0.38384406607748084,-0.028935397426923224,4,good
-1.0317753018944686,0,1,1,0,0,-0.8339717158124246,-0.7829522684868152,1,bad
-0.040853023041789824,1,2,1,2,0,-0.2992164083529233,0.34807303810302276,5,bad
1.4004884734711975,1,1,0,2,0,-0.24889726051669991,-1.0657085951342746,1,good
-0.22102071010591323,0,2,1,0,0,-0.10068449779909645,0.9135856913979418,5,good
0.950069255810889,0,1,1,0,0,0.24834740946488942,-0.5001959418393557,1,good
-0.8516076148303452,0,2,1,0,0,-1.0466844771200963,-0.7829522684868152,4,good
1.3104046299391356,1,3,0,0,0,2.024155881285064,2.0446109979877796,3,good
-0.5813560842341601,0,2,1,0,0,-0.9771525637464057,0.34807303810302276,1,bad
-0.7615237712982834,0,2,2,1,1,-0.9606844790000053,-0.7829522684868152,4,bad
-1.1218591454265303,1,1,2,0,0,-0.5100993824665504,-0.21743961519189622,5,good
0.04923082049027188,1,1,1,0,1,0.5443154881015853,0.34807303810302276,0,bad
-0.49127224070209835,1,3,0,0,0,2.210050824030021,0.06531671145556327,1,bad
-0.9416914583624069,1,2,1,0,0,-0.9497057558357385,-0.5001959418393557,4,good
2.391410752323876,1,2,1,2,0,-0.7836525679762012,-1.3484649217817342,2,good
-0.7615237712982834,0,2,1,0,1,-0.05539726474649541,-0.7829522684868152,5,good
0.04923082049027188,1,2,1,0,1,-0.39802491683132557,0.9135856913979418,1,good
0.319482351086457,1,1,1,1,1,-0.9213440543280489,-0.7829522684868152,0,good
-1.0317753018944686,0,2,1,0,1,-0.41220576758517036,0.9135856913979418,1,bad
0.6798177252147038,1,1,1,0,0,-0.6944504422665325,-0.21743961519189622,4,bad
-1.0317753018944686,1,2,1,0,0,-0.41449300157772595,1.4790983446928607,0,bad
-0.7615237712982834,1,2,1,0,0,-0.8371738434020025,-1.3484649217817342,4,good
-0.9416914583624069,0,1,1,1,1,-0.1921738575013208,-0.5001959418393557,6,good
0.6798177252147038,1,2,1,0,0,-0.3907057680551476,0.34807303810302276,1,good
-0.040853023041789824,1,3,1,0,0,-0.17433343235938706,0.34807303810302276,1,good
-0.7615237712982834,1,2,1,0,0,2.210050824030021,0.34807303810302276,0,bad
-0.8516076148303452,0,0,1,0,2,-1.117131284090809,-0.7829522684868152,0,bad
0.5897338816826421,1,2,0,0,0,1.1170388798375097,1.4790983446928607,1,good
-0.9416914583624069,1,2,1,1,0,1.1252729222107098,0.34807303810302276,4,good
2.5715784393879995,1,1,2,0,0,-0.3051632167335679,0.34807303810302276,5,good
-0.49127224070209835,1,2,1,0,1,-1.1034078801354754,-0.7829522684868152,6,bad
2.6166203611540304,1,0,1,0,0,0.1568580497626651,2.0446109979877796,6,good
0.950069255810889,1,2,1,0,0,-0.32163130147996827,1.4790983446928607,4,good
-0.49127224070209835,1,2,1,0,0,-1.0723014978367191,-0.7829522684868152,5,good
0.8599854122788272,1,2,0,0,0,-0.8010355463196238,-0.5001959418393557,1,good
-0.31110455363797496,1,2,1,0,0,-0.17799300674747603,-0.21743961519189622,1,good
-0.040853023041789824,1,2,1,0,0,-0.9492483090372273,-0.7829522684868152,5,good
0.22939850755439528,1,1,1,0,1,-0.7973759719315349,-0.5001959418393557,6,good
-0.22102071010591323,0,3,1,0,2,-0.7214398033786886,-0.7829522684868152,4,good
-0.9416914583624069,1,2,1,0,0,-0.8184185246630464,-0.7829522684868152,5,good
0.22939850755439528,1,2,1,0,0,-0.1372802416799862,2.0446109979877796,1,good
-0.7615237712982834,1,1,1,0,0,-0.9670887341791611,0.34807303810302276,3,good
-0.040853023041789824,1,3,1,0,0,0.3334325139879581,-0.21743961519189622,4,good
-0.040853023041789824,1,1,1,0,0,-0.16792917718023134,0.34807303810302276,5,good
0.950069255810889,1,2,0,2,0,-1.0631525618664965,-0.9714564862517882,3,good
0.4095661946185187,1,1,1,0,0,-0.7731312916104455,-1.3484649217817342,1,good
-1.1218591454265303,0,2,2,0,0,-0.8303121414243356,-1.0657085951342746,2,good
2.6166203611540304,1,0,0,2,2,-0.7186951225876219,-0.7829522684868152,1,good
-0.040853023041789824,1,2,1,1,0,0.5031452762355842,0.34807303810302276,4,good
-0.9416914583624069,1,2,2,1,1,-0.8175036310660242,-0.5001959418393557,1,bad
-0.7615237712982834,1,2,2,0,0,2.210050824030021,1.4790983446928607,0,bad
-0.8516076148303452,1,2,1,0,0,1.0049644142022849,0.06531671145556327,1,good
-0.31110455363797496,1,3,1,2,0,-1.1079823481205866,-0.21743961519189622,5,good
-0.49127224070209835,1,2,1,0,1,-0.4680142770035272,-0.7829522684868152,1,good
-0.6714399277662217,1,2,1,0,0,-0.8243653330436911,0.34807303810302276,1,good
0.22939850755439528,0,2,1,0,0,-0.6944504422665325,0.34807303810302276,5,good
0.4095661946185187,1,3,1,1,0,0.7190601651328337,-0.5001959418393557,3,bad
0.13931466402233358,1,1,1,0,2,0.41074102293633763,-0.9714564862517882,1,good
-0.8516076148303452,1,2,1,1,0,-0.7635249088417119,0.34807303810302276,0,good
2.211243065259753,1,2,1,3,0,-0.5082695952725059,0.34807303810302276,1,good
-0.6714399277662217,1,2,1,0,0,-0.8888653316337592,-0.7829522684868152,6,bad
-0.9416914583624069,0,2,2,0,0,0.42126229930209347,0.34807303810302276,4,good
0.4996500381505804,1,2,1,0,1,1.5141027009451633,-0.21743961519189622,4,good
-1.3921106760227153,0,2,2,3,0,0.06170911567235176,-0.5001959418393557,1,good
0.950069255810889,1,2,1,0,0,-1.0768759658218303,-0.7829522684868152,1,bad
0.04923082049027188,1,2,0,0,0,-1.0755036254262968,-1.3484649217817342,5,good
-0.9416914583624069,1,1,2,0,0,-0.3847589596745031,-0.9714564862517882,4,bad
-0.9416914583624069,0,2,1,0,0,-0.5563015091161737,0.06531671145556327,5,bad
-1.211942988958592,1,2,1,0,0,-0.26948236644970036,-0.21743961519189622,4,bad
-0.9416914583624069,1,2,2,2,1,0.07406017923215205,-0.21743961519189622,5,good
-0.13093686657385153,1,2,1,0,0,0.4180601717125156,2.0446109979877796,5,bad
-0.040853023041789824,0,2,1,0,0,-0.763982355640223,0.34807303810302276,1,bad
1.4004884734711975,1,2,0,0,0,2.0401665192329532,-0.21743961519189622,1,bad
-0.8516076148303452,0,2,1,0,0,0.05942188167979615,0.34807303810302276,5,good
0.950069255810889,0,2,2,0,0,-0.5517270411310625,-0.5001959418393557,4,good
2.0310753781956294,0,1,1,0,0,-0.5928972529970634,0.34807303810302276,7,good
0.8599854122788272,1,3,1,0,0,0.21769847396464428,-0.7829522684868152,1,good
-0.7615237712982834,0,2,2,0,0,-0.42043980995837055,-0.9714564862517882,4,good
-1.0317753018944686,0,2,2,0,0,-0.8124717162824019,-0.5001959418393557,2,bad
1.6707400040673825,0,3,2,0,0,0.23645379270360026,-0.5001959418393557,5,good
0.04923082049027188,1,2,2,0,0,0.3906133638018483,-0.8772043773693017,1,good
-1.0317753018944686,0,2,1,0,0,0.5584963388554299,-0.028935397426923224,4,good
2.121159221727691,1,2,1,0,0,-0.771758951214912,-1.0657085951342746,5,good
1.4004884734711975,1,2,0,0,2,-0.07278024308991803,0.34807303810302276,4,good
-1.0317753018944686,1,1,1,0,0,-0.5965568273851525,0.34807303810302276,4,good
-0.4011883971700366,1,3,2,0,0,-0.49774831890675014,-0.7829522684868152,5,good
-0.31110455363797496,0,3,1,0,1,2.210050824030021,2.0446109979877796,7,bad
0.5897338816826421,1,2,0,0,1,1.4807090846538513,2.0446109979877796,3,bad
1.220320786407074,1,2,1,0,1,2.210050824030021,0.9135856913979418,4,bad
-0.4011883971700366,1,3,1,0,0,2.210050824030021,1.4790983446928607,1,good
-1.1218591454265303,0,1,2,1,1,-1.0110036268362288,-0.7829522684868152,0,good
0.22939850755439528,1,1,1,0,0,-0.7118334206099551,-0.7829522684868152,1,good
2.481494595855938,1,3,0,0,0,2.210050824030021,2.0446109979877796,1,good
-0.5813560842341601,1,2,1,0,0,-0.8609610769245808,-0.21743961519189622,5,good
-0.9416914583624069,1,2,1,0,0,0.024655924992950898,0.34807303810302276,5,good
2.6166203611540304,0,1,1,2,1,-1.034333413560296,-1.0657085951342746,5,good
-1.0317753018944686,1,2,1,0,1,-0.467099383406505,-1.0657085951342746,4,good
-0.6714399277662217,1,1,1,0,1,-1.1743121339046991,-1.3484649217817342,5,good
1.4905723170032592,0,1,1,1,0,-1.230120643323056,-1.3484649217817342,1,good
0.04923082049027188,1,2,1,2,2,-0.3161419398978348,-0.5001959418393557,1,good
-0.6714399277662217,1,2,1,3,0,-0.1793653471430094,-0.21743961519189622,4,good
1.220320786407074,1,2,2,0,0,1.2579324937789351,-0.7829522684868152,4,good
-0.22102071010591323,1,2,1,0,2,1.4811665314523625,2.0446109979877796,0,good
-0.8516076148303452,1,2,2,1,0,0.24057081389020035,-1.0657085951342746,1,good
0.4996500381505804,0,1,1,3,0,-1.2813546847563018,-1.3484649217817342,1,good
-0.5813560842341601,0,2,1,0,1,-0.9570249046119164,-1.0657085951342746,4,bad
-0.8516076148303452,0,2,1,0,1,-0.6111951249375083,0.9135856913979418,5,good
2.6166203611540304,1,2,1,0,0,-0.8609610769245808,-1.3484649217817342,5,good
1.7608238475994442,1,2,0,3,0,-0.6843866126992878,-0.7829522684868152,6,bad
2.481494595855938,1,2,1,0,0,-0.7003972506471771,-0.5001959418393557,4,good
-1.1218591454265303,0,2,1,0,2,-0.8124717162824019,-0.9714564862517882,4,good
-1.0317753018944686,1,1,2,0,0,-0.013769606081983327,0.34807303810302276,4,good
1.3104046299391356,1,2,1,0,0,-0.6756951235275764,-0.7829522684868152,4,good
-1.3921106760227153,1,2,1,0,0,-0.7950887379389793,-1.0657085951342746,4,good
-0.6714399277662217,0,3,2,0,0,-0.20361002746409884,0.06531671145556327,5,good
-0.7615237712982834,1,1,1,1,0,0.49765591465345077,0.34807303810302276,0,good
-0.49127224070209835,1,2,2,0,1,-0.4799078937648164,-0.7829522684868152,1,good
1.7608238475994442,1,3,0,0,1,2.210050824030021,2.0446109979877796,1,good
-1.1218591454265303,1,2,1,0,1,2.210050824030021,2.0446109979877796,0,bad
-0.22102071010591323,0,2,1,0,0,-0.5142164036531505,0.34807303810302276,3,good
-0.31110455363797496,1,1,0,0,0,-0.7360781009310445,-0.21743961519189622,1,bad
0.5897338816826421,1,1,1,0,0,-0.7301312925504,-1.536969139546707,1,good
-1.1218591454265303,0,2,2,0,0,1.8645069486046826,1.4790983446928607,4,bad
-0.49127224070209835,1,2,1,0,0,-0.835801503006469,-1.0657085951342746,1,good
-0.22102071010591323,1,2,2,0,0,-0.9611419257985164,-0.5001959418393557,1,bad
-1.3921106760227153,0,2,1,3,1,-0.6743227831320431,-0.8772043773693017,4,good
-0.5813560842341601,1,2,1,0,0,0.2309644311214668,-0.5001959418393557,1,good
0.319482351086457,1,1,1,0,0,2.210050824030021,2.0446109979877796,1,good
0.4095661946185187,1,3,1,0,0,-0.7745036320059788,0.34807303810302276,7,bad
0.4095661946185187,1,2,1,2,0,-0.17204619836683144,0.15956882033804975,5,good
2.211243065259753,1,2,0,0,0,-0.46618448980948274,0.34807303810302276,1,good
-0.22102071010591323,0,1,1,0,0,-1.031131285970718,-0.7829522684868152,5,bad
-0.4011883971700366,0,2,1,1,0,-0.6949078890650436,-0.5001959418393557,3,good
-1.1218591454265303,0,2,1,1,0,0.348070811540314,-0.5001959418393557,1,good
-0.7615237712982834,1,2,1,0,0,-0.9140249055518709,-0.5001959418393557,5,good
-0.6714399277662217,1,2,1,0,0,-1.0407376687394516,-0.7829522684868152,5,good
-0.8516076148303452,1,2,2,0,0,-0.27725896202438943,-0.7829522684868152,1,good
-0.8516076148303452,0,2,1,0,0,-0.29601428076334546,-0.21743961519189622,5,good
-1.0317753018944686,1,2,0,0,0,0.7108261227596335,2.0446109979877796,1,bad
1.5806561605353209,1,2,1,0,0,-0.28686534479312303,0.34807303810302276,5,good
-0.8516076148303452,0,0,2,0,1,-0.5823759766313077,-0.5001959418393557,1,bad
-1.211942988958592,0,2,2,0,0,0.27396443018151223,-0.21743961519189622,4,good
0.04923082049027188,1,2,1,0,0,0.5095495314147399,-0.21743961519189622,0,bad
1.4905723170032592,0,3,0,0,0,-0.41998236315985943,-0.7829522684868152,1,good
0.5897338816826421,1,2,1,0,0,-0.2168759846209214,-0.7829522684868152,4,good
-0.7615237712982834,1,3,1,0,1,2.210050824030021,2.0446109979877796,1,bad
-0.5813560842341601,1,2,2,0,0,2.210050824030021,2.0446109979877796,0,bad
0.04923082049027188,1,2,1,1,0,-0.08192917906014047,0.34807303810302276,5,good
-0.31110455363797496,1,2,1,0,0,-0.6958227826620659,-0.21743961519189622,1,bad
2.6166203611540304,1,3,1,0,0,2.210050824030021,-1.3484649217817342,1,bad
1.9409915346635678,0,2,2,3,0,0.26115591982320085,0.9135856913979418,4,good
-1.0317753018944686,0,2,2,0,0,-0.8435780985811582,0.34807303810302276,1,bad
0.8599854122788272,1,1,1,2,0,-0.595184486989619,-1.3484649217817342,5,good
0.13931466402233358,0,2,1,3,0,-0.8069823547002685,0.34807303810302276,1,good
2.6166203611540304,1,3,0,0,0,1.6302941877669883,0.34807303810302276,1,good
0.319482351086457,1,2,0,0,2,-0.8143015034764464,-0.5001959418393557,5,bad
2.6166203611540304,1,2,1,0,0,-0.9702908617687389,-0.7829522684868152,5,good
-0.22102071010591323,1,2,1,0,0,-0.5489823603399958,0.34807303810302276,5,good
-0.5813560842341601,1,2,1,1,1,-0.07095045589587355,0.34807303810302276,5,good
-0.6714399277662217,1,3,2,0,1,2.210050824030021,1.4790983446928607,1,bad
-0.49127224070209835,1,3,2,0,1,-0.45200363905563795,-1.3484649217817342,5,good
-0.5813560842341601,1,2,1,0,0,0.9734005851050174,1.4790983446928607,4,bad
1.220320786407074,1,2,1,1,2,-0.880631289260559,-1.0657085951342746,5,good
-0.6714399277662217,1,2,1,1,2,-0.7905142699538681,-1.3484649217817342,1,good
2.481494595855938,1,2,1,0,0,1.731389930237946,2.0446109979877796,0,bad
-0.49127224070209835,1,3,1,0,0,2.210050824030021,1.7618546713403203,4,good
-0.4011883971700366,1,2,1,1,0,0.26069847302468974,0.34807303810302276,5,bad
-1.0317753018944686,1,2,1,0,2,-0.016056840074538937,-0.7829522684868152,5,good
-1.211942988958592,1,2,1,1,1,-0.7031419314382438,-0.5001959418393557,6,good
1.7608238475994442,0,0,0,0,0,-0.8513546941558472,-0.21743961519189622,6,bad
0.4095661946185187,0,2,2,0,1,-0.02291854205220576,-0.21743961519189622,4,good
2.0310753781956294,0,1,1,0,0,-1.2195993669573002,-0.7829522684868152,5,good
-1.1218591454265303,1,1,1,0,1,-0.8257376734392244,0.34807303810302276,1,bad
1.220320786407074,1,2,0,0,0,-0.039844073597117266,0.34807303810302276,1,good
-0.8516076148303452,1,3,1,2,0,0.08412400879939673,0.34807303810302276,5,good
-1.3921106760227153,1,2,2,0,1,-1.1281100072550758,-0.7829522684868152,5,good
0.8599854122788272,0,1,1,0,2,-0.0009610957236719184,-0.21743961519189622,4,good
-0.040853023041789824,1,1,2,1,0,-0.7470568240953115,-0.9714564862517882,1,good
-0.6714399277662217,0,2,1,0,1,0.5351665521313628,0.9135856913979418,0,good
-1.1218591454265303,0,2,1,0,0,-0.7104610802144218,-0.7829522684868152,5,good
-0.13093686657385153,0,3,1,0,1,-0.45154619225712683,0.34807303810302276,4,bad
2.481494595855938,1,2,1,0,0,-0.058141945537562134,0.34807303810302276,1,good
-1.1218591454265303,1,2,2,0,0,0.4843899574966283,0.34807303810302276,4,bad
0.13931466402233358,1,2,2,0,0,0.2858580469428014,-1.3484649217817342,1,good
0.04923082049027188,1,3,0,0,1,2.210050824030021,2.0446109979877796,1,good
-0.8516076148303452,0,1,1,0,1,-0.8865780976412037,-0.21743961519189622,5,good
1.0401530993429506,1,3,1,0,1,-0.8426632049841359,-1.3484649217817342,1,bad
0.319482351086457,1,1,1,0,0,-1.2008440482183442,-1.3484649217817342,5,good
-0.5813560842341601,0,2,1,0,0,0.20488996360633285,-0.7829522684868152,1,bad
-0.13093686657385153,0,1,0,0,1,-0.5553866155191515,0.34807303810302276,3,bad
1.8509076911315059,1,2,0,0,2,0.7981984612752577,2.0446109979877796,1,good
-0.7615237712982834,0,2,1,0,1,-0.8033227803121794,-0.21743961519189622,4,good
-0.7615237712982834,1,1,1,0,0,-0.7969185251330237,-0.9714564862517882,1,bad
1.1302369428750123,1,2,0,0,0,2.210050824030021,0.34807303810302276,1,good
2.6166203611540304,1,1,1,2,1,-1.0453121367245628,-0.7829522684868152,5,bad
0.6798177252147038,1,2,2,0,0,0.8196984608052805,-0.7829522684868152,1,bad
-0.040853023041789824,1,2,1,1,0,-0.13636534808296397,-1.0657085951342746,5,good
0.319482351086457,1,1,2,0,0,-0.4250142779434818,-0.7829522684868152,1,good
0.22939850755439528,1,2,1,0,0,-0.5155887440486839,-0.9714564862517882,5,good
-0.6714399277662217,0,2,2,0,0,-0.7539185260729783,-0.5001959418393557,1,good
-0.9416914583624069,0,3,1,0,0,2.210050824030021,1.4790983446928607,3,bad
-0.7615237712982834,1,1,1,0,0,-1.0288440519781625,-0.5944480507218421,1,good
-1.0317753018944686,1,2,2,1,0,1.434506958004228,0.9135856913979418,1,good
2.5715784393879995,1,1,1,0,0,0.3572197475105364,-1.0657085951342746,3,good
-0.4011883971700366,0,2,1,0,0,2.210050824030021,1.4790983446928607,5,good
0.04923082049027188,1,3,1,2,1,-0.3133972591067681,-0.7829522684868152,1,good
-0.4011883971700366,1,2,1,0,0,-0.12630151851571927,-0.21743961519189622,1,bad
-0.4011883971700366,1,1,1,1,1,2.210050824030021,1.4790983446928607,0,good
-0.22102071010591323,1,1,1,1,0,-1.0631525618664965,-0.7829522684868152,5,bad
-0.6714399277662217,0,2,1,0,0,-0.7635249088417119,-1.3484649217817342,5,good
1.0401530993429506,1,2,1,0,0,0.24102826068871147,2.0446109979877796,5,good
-0.49127224070209835,1,1,1,0,0,-0.4680142770035272,0.34807303810302276,4,good
-0.6714399277662217,0,2,1,1,1,-0.3536525773757468,-0.21743961519189622,1,bad
-0.5813560842341601,0,2,1,0,2,-1.083280221000986,-1.3484649217817342,5,good
-0.4011883971700366,1,1,1,0,1,-0.6999398038486659,-0.9714564862517882,4,good
0.04923082049027188,1,3,0,0,0,-0.5393759775712622,-1.3484649217817342,4,good
-0.4011883971700366,1,2,1,2,0,0.17332613450906548,0.34807303810302276,5,good
-0.22102071010591323,1,1,1,0,0,-0.21596109102389913,-0.7829522684868152,1,bad
2.3013269087918147,1,2,1,3,1,-0.704056825035266,-0.5001959418393557,6,bad
2.211243065259753,1,3,1,0,1,1.5630495083858533,-0.028935397426923224,1,good
1.220320786407074,1,1,1,0,2,0.276709110972579,0.9135856913979418,5,good
2.3013269087918147,1,1,2,1,1,-0.12996109290380825,0.06531671145556327,0,bad
0.319482351086457,1,3,1,0,1,2.210050824030021,0.34807303810302276,7,bad
-1.1218591454265303,1,1,1,0,1,-0.9163121395444265,-0.9714564862517882,5,good
2.481494595855938,1,1,1,0,0,-0.6386419328481756,-0.7829522684868152,5,good
-0.040853023041789824,1,1,1,0,0,0.7446771858494565,0.34807303810302276,1,good
0.4095661946185187,1,2,2,0,0,-0.7616951216476674,-0.5001959418393557,5,good
1.1302369428750123,0,1,2,0,1,-0.5745993810566186,-0.21743961519189622,5,good
-0.7615237712982834,0,0,1,0,0,-1.0526312855007407,-0.21743961519189622,3,bad
-0.13093686657385153,1,2,1,0,0,-0.5036951272873947,-0.21743961519189622,0,good
0.5897338816826421,1,1,1,0,0,-0.6894185274829101,-1.536969139546707,5,good
-1.1218591454265303,0,2,1,0,0,-1.1907802186510996,-1.3484649217817342,3,bad
0.22939850755439528,1,2,1,0,0,0.39473038498844837,2.0446109979877796,0,bad
-0.040853023041789824,1,2,1,0,0,-1.079620646612897,-0.7829522684868152,1,bad
1.9409915346635678,1,2,0,0,1,-0.37789725769683624,1.4790983446928607,1,bad
-0.040853023041789824,1,1,1,1,0,0.6079005930946311,-0.21743961519189622,1,good
0.04923082049027188,1,3,1,0,0,-0.8110993758868685,0.34807303810302276,5,good
-0.4011883971700366,1,2,1,0,0,1.509070786161541,0.9135856913979418,4,bad
-0.31110455363797496,1,1,1,0,1,-0.8005780995211127,-0.21743961519189622,5,good
0.7699015687467655,1,1,1,0,0,0.761602717394368,-1.3484649217817342,1,good
0.7699015687467655,1,2,1,2,0,-0.30928023792016796,0.34807303810302276,0,good
-1.211942988958592,0,2,1,0,0,-0.568652572675974,-0.21743961519189622,4,bad
1.220320786407074,0,2,1,0,1,-0.8961844804099371,-0.7829522684868152,5,good
-1.1218591454265303,1,1,1,2,1,-0.24295045213605532,0.6308293647504822,5,bad
2.3013269087918147,1,2,0,0,1,-0.8289398010288023,-0.21743961519189622,3,good
0.4095661946185187,1,2,1,0,0,-0.6706632087439541,0.34807303810302276,4,good
-0.8516076148303452,1,2,1,0,2,0.5301346373477405,1.4790983446928607,5,bad
2.121159221727691,0,2,2,0,1,1.539262274863275,2.0446109979877796,0,bad
-0.22102071010591323,1,2,1,0,0,-0.45429087304819354,0.34807303810302276,6,good
-0.7615237712982834,1,2,1,1,1,-0.48311002135439424,-0.7829522684868152,1,good
0.7699015687467655,1,2,0,2,0,2.210050824030021,2.0446109979877796,1,bad
-1.0317753018944686,1,2,1,1,1,1.6051346138488765,2.0446109979877796,1,bad
-1.211942988958592,1,2,1,2,0,-0.10205683819462982,0.34807303810302276,4,good
0.5897338816826421,1,3,1,0,0,2.210050824030021,2.0446109979877796,1,good
-0.49127224070209835,1,2,1,1,1,0.23553889910657802,2.0446109979877796,0,good
-0.4011883971700366,1,3,0,1,1,2.0726452419272428,2.0446109979877796,7,good
0.950069255810889,0,1,1,0,2,-0.36600364093554705,-0.7829522684868152,4,good
-0.040853023041789824,1,2,0,0,0,2.210050824030021,2.0446109979877796,1,good
0.13931466402233358,1,2,0,0,0,-0.5636206578923517,1.4790983446928607,3,bad
-0.040853023041789824,1,2,1,2,0,-0.6272057628853975,-0.7829522684868152,5,good
-0.22102071010591323,1,2,1,0,0,0.010475074239106125,-1.0657085951342746,5,good
-1.0317753018944686,0,2,2,0,0,-0.6848440594977989,-1.3484649217817342,5,good
-1.3020268324906537,0,2,1,0,0,-0.9904185209032282,-0.7829522684868152,5,good
-1.3020268324906537,1,2,2,0,1,-0.12447173132167479,-0.21743961519189622,1,good
0.13931466402233358,1,1,1,0,0,0.2350814523080669,-0.7829522684868152,3,good
-0.49127224070209835,1,3,1,1,1,-0.5178759780412395,0.9135856913979418,5,bad
1.5806561605353209,1,3,0,0,0,2.2021026859058903,-0.7829522684868152,4,bad
0.950069255810889,1,3,1,0,0,2.0941452414572654,2.0446109979877796,0,good
0.8599854122788272,1,2,1,0,0,-0.3422164074129687,0.34807303810302276,1,bad
1.1302369428750123,1,2,1,0,0,-0.9272908627086934,0.34807303810302276,5,bad
-0.5813560842341601,0,2,1,0,0,-0.4025993848164368,-0.7829522684868152,5,good
2.211243065259753,1,2,1,0,0,-0.3682908749281027,-0.7829522684868152,4,bad
-0.9416914583624069,0,2,1,0,0,-0.37195044931619164,-0.21743961519189622,5,good
-0.7615237712982834,1,2,1,3,0,2.210050824030021,0.6308293647504822,1,good
-0.9416914583624069,1,0,1,0,0,-0.26445045166607806,-0.21743961519189622,4,bad
-0.7615237712982834,1,2,1,0,2,-0.7795355467896011,-0.9714564862517882,5,good
2.6166203611540304,1,0,1,0,2,-0.8014929931181349,-1.3484649217817342,1,good
-1.0317753018944686,1,2,2,0,1,-0.3330674714427463,1.4790983446928607,5,good
-0.4011883971700366,1,2,1,1,1,-0.7328759733414667,-1.3484649217817342,0,good
-0.6714399277662217,1,2,0,0,0,0.13352826303859788,-0.5001959418393557,4,good
0.319482351086457,1,3,0,0,0,0.09052826397855243,1.4790983446928607,1,good
-0.7615237712982834,1,1,1,0,1,-0.9007589483950484,-1.0657085951342746,5,good
-1.3020268324906537,1,1,1,0,0,1.6087941882369654,0.34807303810302276,0,good
0.319482351086457,1,2,0,0,0,2.210050824030021,2.0446109979877796,1,bad
-0.5813560842341601,0,2,1,0,0,0.41531549092144887,-0.5001959418393557,1,bad
0.4095661946185187,1,0,1,0,1,0.24651762227084495,-0.21743961519189622,0,good
-1.0317753018944686,0,1,1,0,0,-1.1093546885161198,-0.7829522684868152,5,bad
-0.7615237712982834,1,1,1,0,1,1.9976239669714189,2.0446109979877796,5,good
-0.22102071010591323,1,2,1,0,0,-0.010110031693894354,-0.5001959418393557,1,good
-0.040853023041789824,1,0,1,0,1,-0.6871312934903545,-1.0657085951342746,1,good
-0.13093686657385153,1,2,1,0,1,-0.10342917859016319,0.34807303810302276,0,good
-1.211942988958592,1,2,1,0,1,0.3572197475105364,0.9135856913979418,4,good
0.7699015687467655,0,3,0,0,1,2.210050824030021,0.34807303810302276,1,bad
0.13931466402233358,1,2,1,0,2,-0.43507810751072645,-0.21743961519189622,5,bad
-0.13093686657385153,1,2,1,1,1,-0.19629087868792092,-0.21743961519189622,0,good
-1.3921106760227153,0,2,1,0,1,-0.49591853171270567,0.34807303810302276,5,good
-1.0317753018944686,0,3,1,1,1,1.9930494989863075,2.0446109979877796,1,bad
-0.22102071010591323,1,1,2,0,1,-0.3051632167335679,1.4790983446928607,6,bad
-0.4011883971700366,0,2,1,0,0,-0.5004929996978169,-1.3484649217817342,5,good
-0.5813560842341601,1,2,1,0,0,-0.14093981606807518,0.7250814736329687,5,good
2.481494595855938,1,2,0,0,2,-1.0384504347468961,-0.9714564862517882,1,good
0.8599854122788272,1,3,1,0,0,2.210050824030021,-0.5944480507218421,1,bad
-0.8516076148303452,0,2,2,0,0,-0.10937598697080778,0.34807303810302276,1,good
-0.31110455363797496,1,2,1,0,0,0.7007622931923888,0.9135856913979418,4,good
0.5897338816826421,1,2,1,2,0,-1.1569291555612766,-0.7829522684868152,5,good
1.6707400040673825,1,2,1,0,0,-4.620212664967489e-05,2.0446109979877796,2,bad
-1.1218591454265303,0,3,1,0,2,-0.4986632125037724,-0.21743961519189622,1,good
-1.1218591454265303,0,2,2,0,0,-0.41403555477921483,-0.9714564862517882,4,good
-1.3020268324906537,0,2,2,1,1,0.1783580492926878,0.9135856913979418,4,bad
1.5806561605353209,0,2,1,0,0,-1.0320461795677403,-0.7829522684868152,3,bad
-0.31110455363797496,1,2,1,0,0,0.7057942079760112,-0.21743961519189622,5,good
-0.5813560842341601,0,3,1,0,0,-0.17021641117278696,0.34807303810302276,1,good
1.9409915346635678,1,1,1,0,0,-1.071386604239697,-0.7829522684868152,5,bad
-0.4011883971700366,1,2,1,0,0,-0.7735887384089566,-0.5001959418393557,5,good
2.481494595855938,1,2,1,0,0,2.0790494971063986,0.9135856913979418,1,good
-0.49127224070209835,1,2,0,1,1,0.008187840246550516,0.34807303810302276,4,good
0.04923082049027188,1,2,1,2,0,0.453283575197872,2.0446109979877796,4,good
-0.9416914583624069,1,1,1,0,1,-1.0823653274039637,-0.7829522684868152,1,bad
1.4905723170032592,1,1,1,0,0,-0.3367270458308353,-0.9714564862517882,5,good
0.6798177252147038,1,2,1,0,1,-0.06957811550034018,-0.21743961519189622,1,good
-0.9416914583624069,0,2,2,0,1,-0.03755683960456166,-0.7829522684868152,4,bad
-0.13093686657385153,1,2,1,0,1,-0.2909823659797231,-1.2542128128992476,5,good
-1.0317753018944686,1,1,1,0,0,-0.3829291724804586,-0.7829522684868152,5,good
-0.7615237712982834,1,3,1,0,0,0.16692187932990976,0.6308293647504822,5,good
1.0401530993429506,1,2,1,0,1,-0.3193440674874127,0.06531671145556327,1,good
-0.7615237712982834,1,2,1,0,1,-0.1057164125827188,1.4790983446928607,1,bad
0.319482351086457,1,3,2,0,0,0.13444315663562012,0.34807303810302276,4,bad
2.211243065259753,1,1,1,0,0,-0.8472376729692471,0.34807303810302276,1,bad
-0.6714399277662217,1,2,1,0,0,-0.7493440580878671,0.34807303810302276,5,good
0.22939850755439528,1,2,1,1,1,0.21083677198697745,0.34807303810302276,1,good
0.13931466402233358,1,2,1,0,2,-0.8353440562079579,-0.9714564862517882,2,good
0.319482351086457,1,2,1,2,0,-0.34404619460701324,1.4790983446928607,5,good
-0.8516076148303452,0,2,1,0,2,0.3192516632341133,0.34807303810302276,4,good
-0.9416914583624069,1,2,1,0,1,0.8608686726712814,1.7618546713403203,5,bad
0.4996500381505804,0,1,2,0,0,-0.8266525670362467,-1.0657085951342746,3,good
0.5897338816826421,1,2,0,0,0,2.210050824030021,1.4790983446928607,1,good
0.7699015687467655,1,1,1,0,1,1.4422835535789171,-0.21743961519189622,6,good
0.13931466402233358,1,2,1,0,0,2.210050824030021,2.0446109979877796,5,good
0.13931466402233358,0,2,1,0,0,-1.117131284090809,-1.3484649217817342,1,good
-0.040853023041789824,1,2,1,2,1,-0.7507163984834004,-0.5944480507218421,0,good
-0.13093686657385153,1,3,1,1,1,1.7377941854171017,-0.5001959418393557,1,bad
1.4004884734711975,0,2,1,1,0,-1.083737667799497,-0.7829522684868152,1,good
0.4095661946185187,1,1,1,0,1,-0.8673653321037365,-0.7829522684868152,5,good
0.4095661946185187,1,1,1,0,0,-1.0750461786277858,-0.7829522684868152,5,good
1.220320786407074,1,1,1,0,1,0.03334741416466221,-0.7829522684868152,1,good
0.04923082049027188,1,3,1,0,0,0.1024218807398416,0.06531671145556327,1,good
-1.1218591454265303,1,1,2,2,0,-1.0938014973667418,-1.3484649217817342,6,good
-0.5813560842341601,0,1,2,0,0,-0.6368121456541311,0.34807303810302276,5,bad
1.4004884734711975,1,2,1,0,0,-0.666088740758843,-1.3484649217817342,5,good
-1.1218591454265303,1,2,1,0,1,-0.7351632073340223,-0.5001959418393557,5,good
1.5806561605353209,1,2,0,0,0,1.8608473742165936,2.0446109979877796,4,bad
0.4996500381505804,1,3,1,0,0,1.4921452546166294,0.34807303810302276,1,good
-0.040853023041789824,1,2,1,0,0,-0.4904291701305722,-0.5001959418393557,5,good
-1.3020268324906537,1,2,1,0,0,2.210050824030021,2.0446109979877796,5,good
0.5897338816826421,0,2,2,0,1,-0.4968334253097279,0.34807303810302276,1,good
2.6166203611540304,1,3,1,0,2,-0.5229078928248618,0.9135856913979418,0,bad
0.13931466402233358,1,3,1,0,1,0.7597729302003235,0.34807303810302276,0,good
0.5897338816826421,0,2,1,0,1,0.9299431392464609,0.34807303810302276,5,good
1.8509076911315059,1,2,1,0,0,-1.1130142629042088,-0.7829522684868152,5,good
1.220320786407074,1,1,1,0,0,-0.4369078947047709,-0.7829522684868152,3,good
-0.6714399277662217,1,1,1,0,0,-0.5736844874595963,-0.6887001596043287,0,good
-0.9416914583624069,1,1,1,0,1,-0.9995674568734507,-0.21743961519189622,5,good
0.4095661946185187,1,3,1,0,0,0.36865591747331444,0.9135856913979418,1,good
-0.040853023041789824,0,2,1,3,0,-0.6674610811543763,-0.7829522684868152,4,good
0.950069255810889,1,3,1,0,0,1.7341346110290128,0.34807303810302276,1,good
-0.6714399277662217,1,3,1,0,1,0.9985601590231291,0.9135856913979418,1,bad
0.319482351086457,0,2,1,0,0,-1.0023121376645174,-1.3484649217817342,1,good
-0.31110455363797496,1,2,1,0,0,-0.16198236879958677,-1.0657085951342746,5,good
-0.8516076148303452,1,2,1,1,0,-0.7960036315360015,0.34807303810302276,5,good
-0.4011883971700366,0,2,2,0,0,-0.06866322190331793,-0.9714564862517882,1,good
-0.7615237712982834,1,2,1,0,0,1.348049513085626,1.8561067802228066,3,bad
-0.7615237712982834,1,0,1,3,2,-1.071386604239697,-1.3484649217817342,1,good
1.1302369428750123,0,1,1,0,1,0.5946346359378086,0.34807303810302276,4,good
-0.7615237712982834,1,2,1,2,1,-0.33169513104721293,-0.5001959418393557,0,good
0.6798177252147038,1,1,1,0,0,1.9861877970086408,0.34807303810302276,1,good
0.13931466402233358,1,2,1,0,0,0.22135804835273326,1.4790983446928607,1,good
-0.31110455363797496,1,1,1,0,0,-0.8325993754168912,-0.9714564862517882,1,good
-1.0317753018944686,0,2,1,0,0,0.06353890286639624,-0.21743961519189622,5,bad
0.6798177252147038,1,2,0,0,0,-0.7859398019687568,0.34807303810302276,1,bad
0.04923082049027188,0,1,1,3,0,-0.6766100171245988,0.06531671145556327,0,good
-0.31110455363797496,0,1,1,1,1,-0.9698334149702278,-1.3484649217817342,1,bad
-0.6714399277662217,1,2,1,0,0,0.24880485626340054,1.4790983446928607,5,good
-1.0317753018944686,0,2,1,0,1,2.210050824030021,2.0446109979877796,1,good
0.6798177252147038,0,1,1,0,0,-0.7283015053563555,-0.5001959418393557,5,good
-0.9416914583624069,0,2,1,0,0,-0.30058874874845665,1.4790983446928607,5,good
0.4996500381505804,1,2,1,0,0,0.04981549891106259,0.06531671145556327,5,good
-0.5813560842341601,1,1,1,0,2,-0.7122908674084663,-1.536969139546707,1,good
1.6707400040673825,1,2,0,0,0,-0.6651738471618207,0.34807303810302276,3,good
-0.040853023041789824,1,2,2,1,0,-0.8449504389766915,-1.3484649217817342,1,good
-1.1218591454265303,0,2,2,0,0,-0.2950993871663232,0.9135856913979418,4,bad
-1.1218591454265303,0,1,2,0,0,1.4537197235416952,1.4790983446928607,4,bad
0.13931466402233358,0,2,2,2,0,-0.7543759728714894,-0.7829522684868152,4,good
-0.5813560842341601,0,3,1,0,0,-0.7498015048863782,-0.7829522684868152,0,good
-0.4011883971700366,1,1,1,0,1,-0.7507163984834004,-0.7829522684868152,3,good
-0.7615237712982834,0,1,1,0,0,0.2707623025919344,-0.5001959418393557,4,good
0.319482351086457,1,2,1,0,0,-0.24203555853903308,0.9135856913979418,5,good
-0.040853023041789824,0,1,1,0,0,2.210050824030021,2.0446109979877796,1,good
1.1302369428750123,1,1,2,0,0,-0.3705781089206583,-0.9714564862517882,1,good
0.7699015687467655,1,2,2,2,0,-0.18485470872514287,-1.3484649217817342,5,good
-0.5813560842341601,0,2,1,0,0,-1.158758942755321,-1.3484649217817342,5,good
-1.211942988958592,1,2,0,0,0,0.044783584127440254,0.34807303810302276,4,good
2.0310753781956294,1,2,1,0,0,-0.5416632115638178,0.9135856913979418,5,good
-0.49127224070209835,1,2,1,0,0,-0.6628866131692651,0.06531671145556327,1,good
0.5897338816826421,1,2,0,1,0,-0.7799929935881122,-1.3484649217817342,5,good
-0.7615237712982834,0,2,1,0,0,-1.2388121324947674,-1.3484649217817342,2,good
-0.13093686657385153,1,1,0,1,1,0.36270910909266985,2.0446109979877796,0,bad
-0.040853023041789824,0,3,1,0,0,-0.7584929940580896,-0.8772043773693017,1,good
-1.0317753018944686,1,2,1,0,0,-0.572312147064063,-0.21743961519189622,5,good
-1.211942988958592,1,1,2,0,1,-1.2694610679950125,-1.0657085951342746,1,good
0.950069255810889,1,2,1,3,0,-0.6720355491394875,-0.21743961519189622,5,good
0.8599854122788272,1,2,1,0,0,2.210050824030021,1.4790983446928607,1,good
-0.49127224070209835,1,2,1,0,0,0.7346133562822118,-0.5001959418393557,1,good
2.3013269087918147,1,1,1,3,0,0.003613372261439299,-0.7829522684868152,5,good
0.6798177252147038,1,2,1,0,0,-0.24523768612861094,-0.21743961519189622,4,good
0.4996500381505804,1,2,1,0,1,0.4244644268916713,2.0446109979877796,5,good
-1.3921106760227153,0,2,2,2,0,-0.3797270448908807,-0.5001959418393557,4,good
1.0401530993429506,1,1,1,0,0,-1.061322774672452,-1.1599607040167612,1,good
2.6166203611540304,1,0,0,0,1,-0.8582163961335141,-0.4059438329568692,1,good
0.4095661946185187,1,3,2,0,2,-0.5242802332203952,-0.5001959418393557,3,good
0.13931466402233358,1,1,1,0,1,-0.42684406513752626,-1.0657085951342746,5,good
-0.4011883971700366,1,2,1,0,2,0.6504431453561654,1.4790983446928607,5,good
0.6798177252147038,1,2,2,0,0,-0.19491853829238753,-0.4059438329568692,1,bad
-0.22102071010591323,1,2,1,0,0,-0.45749300063777143,-0.21743961519189622,5,good
-0.31110455363797496,1,2,0,3,1,-0.8760568212754478,-1.0657085951342746,3,bad
0.319482351086457,1,2,1,0,0,-0.7218972501771997,-0.21743961519189622,5,good
-0.49127224070209835,1,3,1,2,0,-0.3284930034576351,0.9135856913979418,5,good
2.3013269087918147,0,2,1,0,0,-0.47533342577970517,-0.7829522684868152,3,good
-0.7615237712982834,0,2,1,0,0,-0.8536419281484029,-0.7829522684868152,0,good
-1.3921106760227153,0,1,2,0,1,-0.15237598603085323,0.34807303810302276,1,bad
1.0401530993429506,1,1,1,0,1,-0.9574823514104275,-0.7829522684868152,1,good
0.950069255810889,1,2,2,0,1,-0.8362589498049802,-0.7829522684868152,1,bad
0.04923082049027188,1,2,2,0,0,-0.11532279535145236,-1.0657085951342746,1,good
-0.49127224070209835,1,3,1,0,1,0.6422091029829653,1.4790983446928607,0,bad
-0.13093686657385153,1,3,0,0,0,-0.06454620071671784,0.34807303810302276,1,good
-0.7615237712982834,0,2,2,0,1,-0.5155887440486839,-0.21743961519189622,4,bad
1.0401530993429506,0,2,0,1,2,-0.7658121428342675,0.34807303810302276,5,good
-0.49127224070209835,1,3,1,1,0,-0.36691853453256934,-0.21743961519189622,1,good
0.8599854122788272,1,2,0,0,0,2.209879281480579,2.0446109979877796,4,good
-0.8516076148303452,1,2,1,2,1,-0.8659929917082031,-0.7829522684868152,5,good
-1.3020268324906537,0,2,2,0,0,-0.22007811221049922,0.6308293647504822,1,bad
-0.31110455363797496,1,3,1,0,0,-0.5357164031831733,-0.21743961519189622,5,good
-0.13093686657385153,1,3,1,0,0,1.629836740968477,1.4790983446928607,1,good
-0.13093686657385153,0,3,2,0,1,-0.015599393276027815,-0.7829522684868152,4,good
-0.5813560842341601,1,3,2,1,0,-0.5261100204144397,0.34807303810302276,5,good
-0.8516076148303452,1,2,1,0,0,-0.7804504403866234,-0.21743961519189622,5,bad
-1.1218591454265303,0,2,2,0,2,-1.2163972393677225,-0.5001959418393557,3,good
1.6707400040673825,0,0,1,0,0,-1.0883121357846084,-1.3484649217817342,1,good
-0.040853023041789824,1,2,0,0,0,-0.722812143774222,-0.5001959418393557,5,good
-0.13093686657385153,0,2,1,3,0,-0.6981100166546215,0.34807303810302276,1,good
0.13931466402233358,1,3,1,2,0,2.210050824030021,2.0446109979877796,5,good
-1.211942988958592,0,2,2,0,0,-0.5457802327504179,-0.7829522684868152,4,good
-0.040853023041789824,1,2,1,0,0,1.276687812517891,1.4790983446928607,1,good
-0.31110455363797496,1,2,1,1,0,-0.09290790222440738,-0.9714564862517882,1,good
-0.22102071010591323,0,2,1,0,1,-0.9190568203354933,-0.21743961519189622,1,bad
-0.8516076148303452,0,2,2,0,0,-0.7607802280506452,-1.0657085951342746,4,good
2.6166203611540304,1,3,0,0,0,-0.6976525698561103,-0.7829522684868152,1,good
-0.6714399277662217,0,2,1,0,0,-0.564535551489374,-0.21743961519189622,4,good
-0.9416914583624069,0,2,1,0,0,2.197528217920779,1.4790983446928607,1,bad
-0.8516076148303452,0,1,2,1,1,0.562155913243519,0.9135856913979418,0,bad
0.13931466402233358,0,2,1,0,0,0.15045379458350938,-1.536969139546707,1,good
0.4996500381505804,1,1,1,0,0,-1.0928866037697196,-1.3484649217817342,1,good
-0.4011883971700366,0,1,1,0,0,-0.6015887421687748,-0.7829522684868152,4,good
-0.8516076148303452,1,2,1,0,0,0.16600698573288752,0.06531671145556327,3,bad
-0.7615237712982834,1,2,1,0,0,-0.8920674592233371,-0.7829522684868152,1,good
-1.3020268324906537,1,2,2,0,0,-0.5878653382134411,-1.3484649217817342,4,good
0.04923082049027188,1,2,0,0,0,-1.008716392843673,-1.2542128128992476,5,good
-0.49127224070209835,0,2,1,0,1,-0.9757802233508723,-1.0657085951342746,4,bad
-0.31110455363797496,1,2,2,2,0,0.004985712656972664,0.34807303810302276,4,good
2.3013269087918147,1,3,0,0,1,-0.5023227868918614,1.4790983446928607,0,bad
-1.0317753018944686,1,1,1,0,0,0.325655918413269,0.06531671145556327,1,good
-0.22102071010591323,1,3,1,0,1,0.6348899542067873,-0.21743961519189622,0,good
-1.3020268324906537,1,1,2,0,0,-0.4867695957424832,0.34807303810302276,5,bad
0.5897338816826421,1,2,1,0,0,0.5040601698326065,-0.21743961519189622,4,bad
-0.13093686657385153,1,3,1,1,0,-0.6679185279528874,0.06531671145556327,4,good
1.4004884734711975,1,3,0,0,0,-0.8632483109171364,-1.1599607040167612,7,good
-0.9416914583624069,0,2,1,0,1,-0.8440355453796693,-1.0657085951342746,5,good
0.4996500381505804,0,3,2,0,0,0.3736878322569368,0.34807303810302276,1,good
-0.4011883971700366,0,2,1,0,0,1.6957090799540786,2.0446109979877796,5,bad
-0.4011883971700366,1,2,1,1,1,1.4166665328622943,-0.028935397426923224,1,good
-1.1218591454265303,0,2,2,1,1,-0.68530150629631,0.34807303810302276,5,good
-0.6714399277662217,0,2,2,3,0,-0.20498236785963223,0.34807303810302276,1,good
0.13931466402233358,0,2,1,0,1,0.2565814518380896,-0.21743961519189622,4,good
0.04923082049027188,1,2,1,0,0,1.6883899311779007,0.9135856913979418,5,good
-0.8516076148303452,0,3,1,0,0,2.210050824030021,1.4790983446928607,4,bad
-0.49127224070209835,1,2,2,0,0,-0.5997589549747303,-1.3484649217817342,5,good
1.220320786407074,1,2,1,0,0,-0.9208866075295378,-0.9714564862517882,1,good
-1.1218591454265303,0,2,2,0,0,2.210050824030021,-0.21743961519189622,3,good
-1.3921106760227153,1,3,2,0,0,-0.8893227784322704,-0.7829522684868152,5,good
-0.6714399277662217,1,2,2,0,0,1.4399963195863617,-0.7829522684868152,5,bad
-0.8516076148303452,1,2,1,0,0,-0.5110142760635726,-0.7829522684868152,5,good
1.9409915346635678,0,3,2,3,0,-0.8325993754168912,0.34807303810302276,5,good
-0.7615237712982834,0,2,1,1,0,-0.8298546946258245,-1.3484649217817342,5,good
2.6166203611540304,1,3,0,0,1,1.9473048191351954,-0.9714564862517882,1,good
-0.8516076148303452,1,2,1,0,0,-0.9035036291861152,-0.7829522684868152,0,good
-0.7615237712982834,1,2,1,3,1,2.210050824030021,2.0446109979877796,5,bad
-1.0317753018944686,0,2,2,0,0,-0.42409938434645955,-0.21743961519189622,4,bad
-0.49127224070209835,0,2,1,0,0,-0.9131100119548486,-0.21743961519189622,1,good
-1.3020268324906537,1,2,2,0,0,-0.9830993721270503,-0.7829522684868152,3,bad
-0.49127224070209835,0,2,1,2,1,2.210050824030021,2.0446109979877796,1,good
-1.211942988958592,0,2,2,0,0,-1.1976419206287665,-0.21743961519189622,5,bad
0.13931466402233358,1,2,0,0,0,-0.35319513057723567,-0.7829522684868152,5,good
1.220320786407074,1,1,1,0,0,-0.8184185246630464,-0.7829522684868152,4,good
0.950069255810889,1,2,0,0,0,1.5003792969898297,2.0446109979877796,1,bad
0.4095661946185187,1,3,1,0,0,-0.4913440637275944,1.4790983446928607,3,bad
-0.31110455363797496,1,2,1,0,0,-0.033439818417961564,0.34807303810302276,0,good
-0.8516076148303452,1,1,1,1,0,0.5584963388554299,0.9135856913979418,0,good
0.22939850755439528,1,2,1,1,1,-0.8394610773945581,0.34807303810302276,5,bad
0.4095661946185187,1,1,1,0,0,-0.6423015072362646,0.06531671145556327,1,bad
0.950069255810889,1,3,1,0,0,-0.2630781112705447,0.06531671145556327,1,good
0.4095661946185187,1,2,2,0,0,2.183347367166934,0.7250814736329687,1,good
-0.9416914583624069,0,2,2,0,0,-0.7685568236253342,0.34807303810302276,1,bad
-0.6714399277662217,1,2,1,0,0,2.210050824030021,1.4790983446928607,0,bad
-0.7615237712982834,1,1,1,0,0,-0.15695045401596444,-0.5001959418393557,4,good
0.6798177252147038,0,1,1,3,0,-0.7022270378412215,0.34807303810302276,5,good
-0.4011883971700366,1,1,1,0,0,0.026028265388484264,0.9135856913979418,4,bad
-1.0317753018944686,1,2,1,0,1,-1.1862057506659884,-1.0657085951342746,5,good
0.4996500381505804,0,1,1,0,1,1.3279218539511368,2.0446109979877796,0,good
-0.7615237712982834,1,2,1,0,0,0.22913464392742233,0.34807303810302276,4,bad
0.04923082049027188,1,2,1,3,2,-0.8124717162824019,0.34807303810302276,0,good
-0.6714399277662217,1,2,1,0,0,0.5113793186087844,0.34807303810302276,4,good
-0.13093686657385153,1,2,0,0,0,1.5900388694980094,2.0446109979877796,1,good
-1.211942988958592,0,2,2,0,0,0.26573038780831204,0.34807303810302276,1,good
-0.4011883971700366,1,2,1,3,0,0.27442187698002335,-0.7829522684868152,1,good
0.04923082049027188,1,2,1,0,1,-0.3266632162635906,1.4790983446928607,5,good
0.04923082049027188,1,2,1,3,1,-0.5206206588323062,-0.21743961519189622,0,good
-0.22102071010591323,1,2,1,0,1,-0.748886611289356,-1.1599607040167612,5,good
2.481494595855938,1,2,1,0,0,-0.04304620118669512,0.34807303810302276,1,good
-0.6714399277662217,0,3,1,1,2,-0.05859939233607326,0.06531671145556327,1,good
-1.3921106760227153,0,2,2,0,0,0.742847398655412,-0.7829522684868152,1,good
1.1302369428750123,1,2,1,0,0,-0.4195249163613483,-1.0657085951342746,1,good
-0.6714399277662217,1,2,1,3,0,-0.41586534197325936,-0.8772043773693017,0,good
-0.22102071010591323,1,2,2,0,2,-0.3348972586367908,0.06531671145556327,3,bad
-1.3020268324906537,0,2,2,0,0,-0.9158546927459154,-0.21743961519189622,4,good
-0.6714399277662217,1,2,1,2,2,-0.9661738405821388,-0.7829522684868152,1,bad
2.6166203611540304,1,2,2,0,0,1.697081420349612,-0.21743961519189622,1,bad
0.7699015687467655,1,2,1,0,0,-0.7196100161846442,-0.5001959418393557,4,good
-0.31110455363797496,1,2,1,0,1,1.3846452569665157,-0.7829522684868152,1,good
-1.0317753018944686,0,1,2,1,0,-0.6784398043186433,-0.21743961519189622,0,good
2.6166203611540304,0,0,1,0,0,-0.8934397996188704,-0.21743961519189622,5,good
-1.1218591454265303,0,2,1,2,0,0.5626133600420301,1.1963420180454012,4,bad
-0.8516076148303452,0,2,1,0,0,-0.7310461861474222,-0.21743961519189622,5,good
0.5897338816826421,1,1,1,0,0,-0.7081738462218662,-1.536969139546707,5,good
0.8599854122788272,1,3,1,1,0,2.210050824030021,1.7618546713403203,1,good
1.0401530993429506,1,2,1,0,0,0.1696665601209765,-0.21743961519189622,4,good
2.5715784393879995,0,2,1,1,0,-0.7511738452819116,-0.6887001596043287,5,good
0.5897338816826421,1,2,1,0,0,0.1280389014564644,-0.7829522684868152,4,good
0.6798177252147038,1,2,1,0,0,0.453283575197872,0.34807303810302276,1,good
-0.6714399277662217,1,2,1,0,1,-0.9071632035742041,-1.3484649217817342,5,good
0.13931466402233358,1,3,1,0,2,0.1591452837552207,-0.7829522684868152,5,good
-1.1218591454265303,0,2,1,0,0,-0.5068972548769726,-0.21743961519189622,6,bad
0.22939850755439528,1,2,1,0,0,1.3279218539511368,0.9135856913979418,5,good
-0.6714399277662217,0,1,1,0,2,-1.0549185194932964,-1.0657085951342746,5,bad
-1.3921106760227153,1,2,2,0,2,0.2588686858306452,0.34807303810302276,4,good
-0.7615237712982834,1,2,1,0,1,0.27487932377853447,0.06531671145556327,0,good
-1.1218591454265303,0,1,1,0,0,-0.9492483090372273,-0.21743961519189622,1,bad
0.8599854122788272,1,1,1,0,0,0.4368154904514716,0.7250814736329687,1,bad
2.0310753781956294,1,2,2,0,1,2.210050824030021,2.0446109979877796,0,bad
0.7699015687467655,1,3,2,0,0,0.15228358177755386,-1.3484649217817342,4,bad
1.4905723170032592,1,2,1,2,0,-0.9675461809776722,-1.0657085951342746,3,good
-0.31110455363797496,0,2,1,0,0,0.7135708035507002,-1.3484649217817342,4,bad
-0.49127224070209835,0,2,1,0,0,2.136230346920289,0.34807303810302276,4,good
-0.6714399277662217,1,2,1,0,0,-0.40351427841345905,-0.21743961519189622,0,bad
0.22939850755439528,1,3,1,3,0,1.2167622819129342,1.4790983446928607,1,good
-1.211942988958592,0,2,1,1,0,-1.0567483066873409,-0.7829522684868152,2,bad
-1.0317753018944686,1,2,1,2,0,-0.4442270434809489,-1.3484649217817342,1,good
-0.13093686657385153,0,2,1,0,0,0.6417516561844542,1.4790983446928607,5,good
-0.9416914583624069,1,1,1,0,1,0.7753261213497017,2.0446109979877796,5,bad
-0.5813560842341601,1,3,0,0,0,1.6138261030205878,0.34807303810302276,1,good
0.13931466402233358,1,1,1,0,1,-0.5165036376457062,-0.7829522684868152,4,bad
1.3104046299391356,1,2,1,0,0,-0.3705781089206583,0.06531671145556327,4,good
-1.0317753018944686,0,2,2,0,0,0.5749644236018303,2.0446109979877796,0,bad
0.4095661946185187,1,2,1,0,0,0.01184741463463949,0.9135856913979418,5,good
-0.31110455363797496,1,2,1,0,1,-0.3559398113683024,1.4790983446928607,3,good
0.04923082049027188,1,2,1,0,1,-0.9913334145002505,-0.21743961519189622,1,bad
1.4905723170032592,1,2,1,1,0,-0.3788121512938585,0.34807303810302276,5,good
-0.31110455363797496,1,2,1,0,0,-0.6857589530948212,0.34807303810302276,5,good
-0.4011883971700366,1,2,1,0,0,-0.7584929940580896,0.34807303810302276,1,good
-1.211942988958592,1,2,1,0,0,-0.7196100161846442,-1.0657085951342746,5,bad
0.4996500381505804,1,2,1,0,0,-0.15512066682191994,1.4790983446928607,4,bad
-0.040853023041789824,1,2,0,0,0,0.15319847537457612,-0.7829522684868152,1,bad
-0.8516076148303452,1,2,1,0,0,0.6033261251095199,2.0446109979877796,5,bad
-1.1218591454265303,1,0,1,0,1,2.210050824030021,-1.3484649217817342,1,bad
-1.1218591454265303,0,2,1,0,0,-0.34907810939063555,0.06531671145556327,4,good
-0.22102071010591323,0,2,1,0,1,0.08824102998599682,-0.21743961519189622,4,good
0.04923082049027188,0,2,1,0,2,-0.3678334281295916,-0.7829522684868152,1,good
0.22939850755439528,0,0,1,0,0,-0.9721206489627834,-0.7829522684868152,1,good
-1.0317753018944686,1,2,1,0,0,2.210050824030021,1.4790983446928607,1,bad
-0.040853023041789824,0,2,1,0,0,-0.2800036428154562,0.34807303810302276,5,bad
0.22939850755439528,1,2,1,0,0,-1.0279291583811403,-0.7829522684868152,5,good
0.6798177252147038,1,2,1,1,0,-0.8454078857752026,-1.3484649217817342,1,good
0.04923082049027188,0,2,1,0,0,-0.925461075514649,-0.21743961519189622,1,good
-0.7615237712982834,1,2,1,0,0,0.3654537898837366,-0.21743961519189622,1,good
0.22939850755439528,1,2,0,0,2,-0.9625142661940498,0.34807303810302276,1,bad
-0.8516076148303452,1,2,1,0,0,0.7945388868871688,2.0446109979877796,1,good
0.22939850755439528,1,1,1,0,0,-1.071844051038208,-0.7829522684868152,4,good
0.22939850755439528,1,3,1,0,0,2.178772899181823,0.34807303810302276,1,good
-1.0317753018944686,0,2,1,0,0,-0.9959078824853617,-0.5001959418393557,2,good
-0.13093686657385153,1,2,1,0,0,1.805953758395259,2.0446109979877796,5,bad
-1.211942988958592,1,1,1,0,1,-1.188035537860033,-1.3484649217817342,6,good
0.7699015687467655,1,2,1,0,0,0.19848570842717717,-0.028935397426923224,1,good
0.22939850755439528,1,2,1,0,1,-1.0508014983066962,-0.7829522684868152,3,good
-1.211942988958592,1,2,2,1,1,0.018709116612306318,0.34807303810302276,5,bad
-0.8516076148303452,0,2,1,0,1,2.210050824030021,2.0446109979877796,4,bad
-0.9416914583624069,0,1,1,0,1,0.7707516533645905,0.34807303810302276,4,bad
-0.9416914583624069,1,2,1,0,0,2.210050824030021,0.9135856913979418,0,good
-0.8516076148303452,0,2,1,2,0,-0.7616951216476674,-0.7829522684868152,1,bad
-0.7615237712982834,1,1,1,0,0,-0.8614185237230919,-0.7829522684868152,1,good
-0.7615237712982834,1,2,1,1,1,0.697560165602811,2.0446109979877796,1,good
-0.49127224070209835,0,3,1,0,0,1.886006948134705,2.0446109979877796,5,bad
0.7699015687467655,1,2,1,2,0,-0.8637057577156475,-0.7829522684868152,1,good
2.6166203611540304,0,3,1,0,0,-0.7671844832298008,-1.3484649217817342,1,good
-0.31110455363797496,0,2,1,0,1,-0.23929087774796634,0.6308293647504822,0,good
-1.0317753018944686,1,2,1,1,1,1.163698453285644,2.0446109979877796,5,bad
-1.3020268324906537,1,1,1,0,0,-0.8060674611032462,-0.7829522684868152,4,good
-1.0317753018944686,0,2,1,0,1,-0.8298546946258245,-1.1599607040167612,4,bad
0.13931466402233358,1,2,1,0,1,-1.0288440519781625,-0.5001959418393557,5,bad
-0.9416914583624069,1,2,1,0,1,2.210050824030021,2.0446109979877796,0,bad
-0.5813560842341601,1,2,2,0,0,-0.4314185331226375,-1.3484649217817342,5,good
-1.211942988958592,0,1,1,0,0,-1.027014264784118,-0.5001959418393557,0,good
1.9409915346635678,1,1,2,0,0,-0.8175036310660242,-0.7829522684868152,0,good
-0.040853023041789824,1,3,1,0,1,-0.9153972459474042,-1.3484649217817342,4,good
-1.1218591454265303,0,2,1,1,0,0.19985804882271052,0.34807303810302276,1,good
1.1302369428750123,1,2,1,1,0,-0.8065249079017573,-1.0657085951342746,6,good
-0.5813560842341601,0,1,2,2,0,-0.8820036296560924,-0.7829522684868152,4,bad
-0.7615237712982834,1,3,0,0,0,-0.745227036901267,-1.0657085951342746,1,bad
-0.13093686657385153,1,1,1,0,0,2.210050824030021,0.9135856913979418,6,bad
-0.5813560842341601,1,1,1,0,0,0.24651762227084495,-0.7829522684868152,4,good
-0.31110455363797496,1,2,1,1,0,-0.33215257784572405,0.34807303810302276,1,good
-0.8516076148303452,1,2,1,0,0,0.9450388835973278,0.6308293647504822,0,good
-1.211942988958592,1,2,1,0,1,-0.46298236221990485,0.34807303810302276,5,bad
-1.0317753018944686,0,2,1,0,0,-0.12035471013507469,-0.5001959418393557,4,good
0.22939850755439528,0,2,1,0,0,-0.8284823542302912,-0.7829522684868152,5,good
0.319482351086457,1,3,1,0,0,1.5584750404007421,-0.21743961519189622,1,bad
-1.1218591454265303,1,2,1,0,1,-0.9922483080972727,-0.6887001596043287,5,good
0.950069255810889,1,2,1,3,0,-0.8701100128948033,-0.21743961519189622,5,good
-0.9416914583624069,1,2,1,0,1,-0.7168653353935774,-0.7829522684868152,5,bad
-0.040853023041789824,1,1,0,0,0,2.210050824030021,1.4790983446928607,3,good
-0.4011883971700366,1,1,1,0,1,-0.5137589568546393,-0.21743961519189622,4,bad
1.7608238475994442,0,3,1,0,2,-0.7443121433042448,-0.7829522684868152,4,good
-0.13093686657385153,1,2,1,3,0,-0.21641853782241027,0.34807303810302276,5,good
-0.22102071010591323,1,3,2,0,0,0.8201559076037916,2.0446109979877796,0,bad
-0.9416914583624069,0,2,1,0,1,-0.02749301003731698,0.9135856913979418,5,good
-1.211942988958592,0,1,2,0,0,-0.820248311857091,-0.7829522684868152,4,good
-1.211942988958592,0,2,2,0,0,-0.7708440576178898,-1.0657085951342746,5,bad
1.0401530993429506,1,2,0,0,0,2.210050824030021,1.4790983446928607,1,bad
-0.4011883971700366,1,2,1,0,0,-0.1395674756725418,1.4790983446928607,4,bad
-0.22102071010591323,1,2,1,0,0,-0.7196100161846442,-0.5001959418393557,5,good
0.4996500381505804,1,1,1,0,1,-0.989503627306206,-0.7829522684868152,1,bad
-0.49127224070209835,0,2,1,1,0,-0.5430355519593512,-0.21743961519189622,3,bad
-0.13093686657385153,1,1,1,0,0,-0.527482360809973,-1.3484649217817342,5,good
-0.4011883971700366,1,2,1,1,0,1.230943132666779,1.4790983446928607,0,good
-0.040853023041789824,0,2,0,0,0,-0.8476951197677582,-1.3484649217817342,3,bad
0.5897338816826421,1,3,0,0,0,2.155443112457756,2.0446109979877796,1,bad
1.0401530993429506,1,2,1,0,2,-0.015599393276027815,0.9135856913979418,5,good
0.4996500381505804,1,1,1,0,0,-1.0668121362545855,-0.7829522684868152,3,bad
0.22939850755439528,1,2,1,0,1,-1.2273759625319893,-1.3484649217817342,5,good
1.0401530993429506,1,2,1,2,0,-0.8408334177900915,-0.5001959418393557,5,good
-0.22102071010591323,1,2,1,1,0,-0.7214398033786886,0.34807303810302276,1,good
0.13931466402233358,1,1,1,0,1,-0.8678227789022476,-1.0657085951342746,5,good
-0.31110455363797496,1,3,0,0,0,-0.7072589526248438,-0.21743961519189622,5,good
-1.1218591454265303,0,1,2,0,0,0.08366656200088561,0.34807303810302276,4,bad
2.121159221727691,0,2,1,0,0,0.912102714104527,-0.5001959418393557,1,good
1.3104046299391356,1,2,1,0,0,-0.3024185359425011,-0.7829522684868152,1,good
0.6798177252147038,1,2,1,0,1,0.4601452771755388,0.34807303810302276,4,bad
-0.49127224070209835,1,3,1,0,0,0.41531549092144887,1.4790983446928607,4,good
1.7608238475994442,0,3,0,0,0,-0.21641853782241027,-0.7829522684868152,4,good
-0.040853023041789824,1,3,2,0,1,1.7826239716711918,1.4790983446928607,1,good
1.9409915346635678,0,1,1,1,0,-0.8678227789022476,-0.8772043773693017,5,good
2.6166203611540304,1,2,1,0,0,-1.1345142624342317,0.06531671145556327,1,good
-0.8516076148303452,1,2,2,0,2,-0.166556836784698,-0.5001959418393557,0,good
-0.5813560842341601,0,2,1,3,0,0.13993251821775357,0.06531671145556327,5,good
-0.22102071010591323,0,1,1,0,1,0.06582613685895186,-1.0657085951342746,1,good
-0.6714399277662217,1,2,1,0,1,0.004070819059950421,2.0446109979877796,5,bad
0.4095661946185187,1,3,1,0,1,1.9774963078369294,-0.21743961519189622,4,good
-0.4011883971700366,1,2,1,0,0,0.8078048440439913,0.34807303810302276,1,bad
0.5897338816826421,1,3,1,0,0,-0.3472483221965911,-0.7829522684868152,0,bad
1.3104046299391356,0,1,1,0,2,-0.9167695863429377,-1.3484649217817342,3,good
-0.22102071010591323,0,2,2,0,0,0.4185176185110267,-0.21743961519189622,1,bad
-0.9416914583624069,1,2,1,0,0,-0.820248311857091,0.34807303810302276,0,good
-0.31110455363797496,1,1,1,3,0,0.6746878256772549,0.6308293647504822,4,good
-0.31110455363797496,0,1,1,1,0,-0.8092695886928241,0.34807303810302276,5,bad
-0.7615237712982834,1,3,0,0,1,2.210050824030021,2.0446109979877796,5,good
-0.7615237712982834,0,2,1,0,0,0.03288996736615109,0.34807303810302276,1,bad
-0.13093686657385153,1,3,1,0,2,-0.7841100147747123,-1.0657085951342746,5,bad
-0.22102071010591323,0,1,2,0,0,-0.39573768283877,-0.5001959418393557,4,good
-0.8516076148303452,1,2,1,0,0,-1.0485142643141407,-0.7829522684868152,1,bad
0.13931466402233358,0,2,2,0,0,2.119762262173888,2.0446109979877796,0,bad
-1.1218591454265303,0,1,2,0,0,-1.120790858478898,-1.536969139546707,4,good
-0.31110455363797496,1,2,0,0,0,0.37140059826438115,0.34807303810302276,0,good
0.04923082049027188,1,2,2,0,0,1.942272904351573,2.0446109979877796,0,bad
0.6798177252147038,1,2,1,0,0,-0.5105568292650615,-0.7829522684868152,4,good
-0.6714399277662217,1,2,1,0,0,1.0612303704191528,1.4790983446928607,4,good
-0.040853023041789824,1,2,1,1,0,-0.4163227887717705,-0.7829522684868152,5,good
-0.6714399277662217,0,2,1,1,0,-0.44742917107052677,-0.7829522684868152,5,good
-0.13093686657385153,1,2,1,0,1,1.257475046980424,1.4790983446928607,1,good
-0.8516076148303452,1,1,1,0,1,-1.1258227732625203,-1.3484649217817342,5,good
-0.5813560842341601,0,2,1,0,0,-0.5297695948025286,-0.7829522684868152,1,good
-0.6714399277662217,1,1,1,0,0,-1.0965461781578085,-1.0657085951342746,1,bad
0.8599854122788272,0,2,1,0,1,-0.3303227906516796,-1.2542128128992476,5,good
-1.1218591454265303,0,2,2,0,0,-0.846780226170736,-0.7829522684868152,3,good
1.7608238475994442,1,2,1,3,0,-0.7493440580878671,-0.7829522684868152,1,good
-0.7615237712982834,1,2,1,1,0,-0.26902491965118924,0.34807303810302276,1,good
-0.13093686657385153,1,2,1,3,1,0.2035176232107995,0.9135856913979418,4,good
-0.6714399277662217,0,2,2,1,1,-0.1921738575013208,-0.5001959418393557,1,bad
0.7699015687467655,0,3,0,0,0,1.5406346152588084,0.34807303810302276,1,good
2.391410752323876,0,2,0,0,0,0.32291123762220225,0.34807303810302276,1,good
-0.13093686657385153,0,2,1,0,0,-0.5530993815265959,1.4790983446928607,1,bad
-1.211942988958592,1,2,1,0,1,-0.786854695565779,-0.7829522684868152,5,bad
-0.49127224070209835,1,2,1,1,1,1.287666535682158,-0.21743961519189622,1,good
-0.13093686657385153,1,2,1,0,0,-0.13362066729189723,-0.7829522684868152,4,good
0.22939850755439528,1,3,0,0,0,2.210050824030021,0.9135856913979418,1,good
-0.49127224070209835,1,3,1,0,1,1.332953768734759,0.6308293647504822,1,good
-1.1218591454265303,1,2,2,0,2,-0.8024078867151572,-0.7829522684868152,5,good
-1.1218591454265303,1,2,1,0,0,-0.9840142657240726,-0.7829522684868152,1,bad
-1.211942988958592,0,2,1,0,1,1.3265495135556034,2.0446109979877796,5,bad
-0.9416914583624069,0,2,1,0,0,0.2094644315914441,-0.21743961519189622,5,good
0.6798177252147038,1,3,1,0,0,-0.27863130241992284,0.6308293647504822,0,good
-0.5813560842341601,1,2,2,0,0,1.882347373746616,2.0446109979877796,5,good
-0.7615237712982834,1,3,1,0,0,1.4926027014151406,0.34807303810302276,7,good
0.319482351086457,0,1,1,0,1,-0.9693759681717167,-1.3484649217817342,3,good
0.04923082049027188,1,3,1,0,0,-0.8293972478273134,-1.3484649217817342,3,good
-0.4011883971700366,1,2,1,0,0,0.14953890098648714,-0.21743961519189622,1,good
1.6707400040673825,1,2,1,3,1,-0.7928015039464237,-0.7829522684868152,1,good
-0.4011883971700366,1,2,1,0,0,0.02419847819443978,-0.21743961519189622,0,good
0.7699015687467655,1,2,0,0,0,1.1234431350166654,0.34807303810302276,6,good
-0.5813560842341601,0,2,1,0,0,0.8928899485670599,0.06531671145556327,1,bad
1.3104046299391356,0,2,0,1,1,-0.17387598556087594,1.4790983446928607,5,bad
1.0401530993429506,1,1,1,2,0,-0.7937163975434459,-0.5001959418393557,5,good
1.4905723170032592,1,2,1,0,0,-1.0677270298516077,-0.7829522684868152,5,good
-0.31110455363797496,0,2,2,0,0,-0.8078972482972907,0.34807303810302276,1,bad
-0.22102071010591323,0,2,1,0,0,-0.8783440552680034,-0.21743961519189622,4,bad
-1.3921106760227153,0,2,2,0,0,-0.46298236221990485,-0.21743961519189622,4,bad
0.13931466402233358,0,2,1,0,0,-0.4707589577945939,0.34807303810302276,1,good
1.3104046299391356,1,2,1,3,0,0.33206017359242473,0.34807303810302276,4,good
-0.49127224070209835,0,2,1,3,0,-0.9565674578134052,-0.5001959418393557,4,good
-0.040853023041789824,1,3,1,0,0,1.9221452452170837,1.1963420180454012,1,good
1.220320786407074,1,1,1,0,2,-0.7347057605355112,-0.21743961519189622,5,good
-0.9416914583624069,1,1,1,0,0,-0.8751419276784256,-1.0657085951342746,5,good
-0.5813560842341601,1,3,2,1,1,2.210050824030021,1.4790983446928607,4,bad
-1.0317753018944686,0,1,2,0,0,0.8050601632529246,0.9135856913979418,1,good
-0.9416914583624069,0,2,1,0,1,-0.13224832689636387,-0.7829522684868152,4,bad
-1.211942988958592,0,2,1,0,1,-0.6317802308705088,-1.0657085951342746,5,bad
2.5715784393879995,0,2,1,0,1,-1.0512589451052075,-1.3484649217817342,5,good
-0.040853023041789824,1,2,2,0,1,-0.5178759780412395,-1.0657085951342746,4,good
-0.49127224070209835,0,2,1,0,0,-0.6546525707960649,-0.7829522684868152,4,good
-0.31110455363797496,1,2,1,0,0,-1.0750461786277858,-0.7829522684868152,3,good
-1.1218591454265303,0,2,2,0,0,-0.8394610773945581,-0.21743961519189622,1,bad
-0.7615237712982834,1,2,1,3,0,1.2593048341744686,0.34807303810302276,1,good
-0.5813560842341601,1,3,1,0,1,2.210050824030021,0.34807303810302276,7,bad
0.04923082049027188,1,2,1,0,0,0.012762308231661733,1.4790983446928607,1,good
-1.1218591454265303,0,2,1,0,0,-0.9400993730670049,-0.7829522684868152,6,good
0.319482351086457,0,2,1,0,1,-0.8522695877528694,0.06531671145556327,0,bad
-0.9416914583624069,1,2,1,0,0,-0.4186100227643261,-1.0657085951342746,4,good
0.4095661946185187,1,3,1,0,1,0.569932508818208,-0.21743961519189622,4,bad
-0.9416914583624069,0,2,2,0,0,-0.8088121418943129,0.15956882033804975,1,good
-1.1218591454265303,0,1,1,0,1,-0.43462066071221533,-0.6887001596043287,5,good
-0.6714399277662217,0,2,1,2,0,-0.7662695896327786,0.34807303810302276,5,good
0.950069255810889,1,2,1,0,0,-0.5590461899072404,-0.5001959418393557,5,good
-1.3921106760227153,0,2,2,0,0,-0.8092695886928241,-0.7829522684868152,4,bad
-0.8516076148303452,1,1,1,0,0,-1.037535541149874,-1.3484649217817342,1,good
-0.49127224070209835,1,2,0,2,0,0.1362729438296646,0.34807303810302276,4,bad
-0.49127224070209835,1,3,1,0,0,2.210050824030021,1.4790983446928607,1,good
-1.0317753018944686,1,2,1,2,0,-0.22053555900901037,1.7618546713403203,1,good
-1.1218591454265303,0,1,1,1,1,-1.0132908608287843,-0.7829522684868152,1,bad
0.04923082049027188,1,3,2,0,1,1.832485672708904,-0.028935397426923224,1,good
-0.6714399277662217,1,2,1,0,1,-0.5325142755935954,-0.21743961519189622,0,good
1.4905723170032592,1,2,1,2,0,-1.2410993664873229,-1.3484649217817342,5,good
2.6166203611540304,1,3,1,0,0,0.6746878256772549,0.34807303810302276,0,good
1.1302369428750123,0,1,0,1,2,-0.8284823542302912,-0.9714564862517882,1,bad
0.04923082049027188,1,2,1,0,0,1.4880282334300294,1.4790983446928607,0,good
-0.49127224070209835,1,3,1,0,0,-0.5617908706983071,0.34807303810302276,5,bad
0.13931466402233358,1,1,1,0,2,-0.7809078871851345,0.34807303810302276,1,bad
0.4095661946185187,1,1,2,0,0,-1.0828227742024747,-0.7829522684868152,3,bad
-0.5813560842341601,0,0,2,0,0,-0.8499823537603138,0.34807303810302276,1,bad
0.4996500381505804,1,2,1,0,2,-0.4277589587345485,-1.3484649217817342,4,good
-0.7615237712982834,1,2,1,0,0,-0.200407899874521,1.4790983446928607,6,good
-0.49127224070209835,1,2,1,0,1,2.210050824030021,0.5365772558679958,1,good
-0.9416914583624069,0,2,1,0,0,1.2442090898236016,0.9135856913979418,5,good
2.0310753781956294,0,1,0,0,0,1.4143792988697388,2.0446109979877796,1,bad
-0.7615237712982834,0,2,1,0,0,0.25520911144255626,2.0446109979877796,0,good
2.5715784393879995,0,2,1,0,0,-0.771758951214912,-0.9714564862517882,1,good
0.950069255810889,1,2,1,0,0,-0.20132279347154325,0.34807303810302276,5,good
-0.6714399277662217,0,3,1,0,0,0.1362729438296646,1.4790983446928607,4,bad
0.13931466402233358,1,2,1,0,0,0.2602410262261786,1.4790983446928607,4,good
-1.0317753018944686,0,2,1,0,0,-0.9693759681717167,-1.3484649217817342,5,good
0.13931466402233358,0,1,1,0,0,-0.812929163080913,-0.7829522684868152,1,bad
0.13931466402233358,1,2,1,1,1,0.378262300242048,0.34807303810302276,1,good
-0.4011883971700366,1,2,1,0,1,-0.5105568292650615,0.34807303810302276,0,bad
0.4095661946185187,0,2,1,0,0,-0.9867589465151393,-0.9714564862517882,3,good
-1.211942988958592,1,2,0,0,0,0.4217197461006046,-0.5944480507218421,1,good
1.3104046299391356,1,2,2,2,0,-0.8303121414243356,-1.3484649217817342,1,good
